COMPANY_ID,AVG_USD_AMT_ALL_MAKE,AVG_REVENUE_USD_AMT_ALL_MAKE,AVG_NET_REVENUE_USD_AMT_ALL_MAKE,FREQ_ACTIVE_MAKE,PAYTYPE_COUNT_ALL_MAKE,SUPPLIER_PAYMENT_PERCENT_MAKE,RENT_PAYMENT_PERCENT_MAKE,PAYROLL_PAYMENT_PERCENT_MAKE,MONTHS_SINCE_FIRST_PAYMENT_ALL_MAKE,MONTHS_SINCE_LAST_PAYMENT_ALL_MAKE,RSD_PERCENTAGE_MAKE,USE_COLLECT,ENTITY_NAME,AVG_USD_AMT_ALL_COLLECT,AVG_REVENUE_USD_AMT_ALL_COLLECT,AVG_NET_REVENUE_USD_AMT_ALL_COLLECT,FREQ_ACTIVE_COLLECT,PAYTYPE_COUNT_ALL_COLLECT,SUPPLIER_PAYMENT_PERCENT_COLLECT,RENT_PAYMENT_PERCENT_COLLECT,PAYROLL_PAYMENT_PERCENT_COLLECT,MONTHS_SINCE_FIRST_PAYMENT_ALL_COLLECT,MONTHS_SINCE_LAST_PAYMENT_ALL_COLLECT,CU_COMPANY_L2_INDUSTRY_NUMERIC,Combined_Cluster
815,3170.035233090000,58.643556070000,14.599468510000,1.000000,1.0,0.000000,0.000000,0.000000,23.0,23.0,0.8815346531273621,0,BRANDPACK PTE. LTD.,0,0,0,0,0.0,0,0,0,0.0,0.0,0,lapsed_1
1514,6215.273444248846,109.598524508846,16.213009581154,2.000000,1.0,1.000000,0.000000,0.000000,45.0,33.0,1.46716521558214,0,ZANSAN SMART LIVING PTE. LTD.,0,0,0,0,0.0,0,0,0,0.0,0.0,0,lapsed_2
3457,37603.494243895250,707.267845920625,31.627187477875,5.714286,4.0,0.812500,0.000000,0.037500,13.0,0.0,0.356863907959383,0,PSY DEVELOPMENT PTE. LTD.,0,0,0,0,0.0,0,0,0,0.0,0.0,0,active_nocollect_0
863,10410.403775750000,196.218047960000,-24.694766470000,1.000000,1.0,0.000000,0.000000,0.000000,61.0,61.0,0.8815346531273621,0,VICTORIA CROSS TRADING PTE. LTD.,0,0,0,0,0.0,0,0,0,0.0,0.0,0,lapsed_0
3009,7444.910000000000,96.783830000000,-73.451482060000,1.000000,1.0,1.000000,0.000000,0.000000,17.0,17.0,0.8815346531273621,0,CHOP CHUAN BEE,0,0,0,0,0.0,0,0,0,0.0,0.0,0,lapsed_1
1010,1824.002950000000,19.542888750000,4.857803775000,2.000000,1.0,0.000000,1.000000,0.000000,59.0,59.0,0.8815346531273621,0,BREAD OF TASTE,0,0,0,0,0.0,0,0,0,0.0,0.0,0,lapsed_0
1269,68865.417500000000,688.654175000000,139.260764005000,1.000000,2.0,0.500000,0.000000,0.500000,53.0,52.0,0.8815346531273621,0,SG GLOBAL COMMODITY PTE. LTD.,0,0,0,0,0.0,0,0,0,0.0,0.0,0,lapsed_0
4342,1861.227500000000,5.583682500000,-18.061351660000,1.000000,1.0,1.000000,0.000000,0.000000,5.0,5.0,0.8815346531273621,0,BUSINESS UNIVERSAL PTE. LTD.,0,0,0,0,0.0,0,0,0,0.0,0.0,0,active_nocollect_1
365,1977.561663660000,50.947380357500,7.094999230000,0.666667,1.0,1.000000,0.000000,0.000000,27.0,22.0,2.3832919758814444,0,HASSENAH SINGAPORE PTE. LTD.,0,0,0,0,0.0,0,0,0,0.0,0.0,0,lapsed_1
3751,2365.933559195161,42.540455898387,8.422594793871,3.100000,5.0,0.322581,0.064516,0.000000,10.0,1.0,1.202709383927134,0,GRUPP MARKETING PTE. LTD.,0,0,0,0,0.0,0,0,0,0.0,0.0,0,active_nocollect_3
515,21330.907968333333,255.970895620000,85.343484966667,0.272727,1.0,1.000000,0.000000,0.000000,60.0,50.0,1.8102833826786922,0,STRAITS TRADING EST. PTE. LTD.,0,0,0,0,0.0,0,0,0,0.0,0.0,0,lapsed_0
2125,0,0,0,0,0.0,0,0,0,0.0,0.0,0.8815346531273621,1,LAPP EQUIPMENT PTE. LTD.,309.063030466667,6.814574286667,-1.913341870000,0.428571,1.0,1.000000,0.000000,0.000000,33.0,27.0,0,lapsed_1
3308,666.444147242500,17.096220600000,2.326195970000,2.750000,2.0,0.977273,0.000000,0.000000,15.0,0.0,0.8738492194188818,0,G3K PTE. LTD.,0,0,0,0,0.0,0,0,0,0.0,0.0,0,active_nocollect_3
3343,1919.472753385000,3.350209500000,-21.582794090000,0.500000,2.0,0.500000,0.000000,0.000000,14.0,11.0,0.8815346531273621,0,ALPS TRADING & INVESTMENT PTE. LTD.,0,0,0,0,0.0,0,0,0,0.0,0.0,0,active_nocollect_2
2367,6928.626923816667,154.767045113333,33.414786510000,1.100000,2.0,0.545455,0.454545,0.000000,29.0,0.0,0.4672673351919076,0,GREATER GREEN PTE. LTD.,0,0,0,0,0.0,0,0,0,0.0,0.0,0,active_nocollect_0
2842,141881.351053828571,2434.012286435714,465.345163108571,0.875000,1.0,1.000000,0.000000,0.000000,21.0,14.0,1.3985929229304201,0,ALMIGHTY AUTO PTE. LTD.,0,0,0,0,0.0,0,0,0,0.0,0.0,0,lapsed_1
4079,15850.213390000000,292.598976948235,77.989373672941,2.125000,3.0,0.882353,0.058824,0.058824,7.0,0.0,0.26785626369739846,0,HOUGANG WHOLESALE CENTRE,0,0,0,0,0.0,0,0,0,0.0,0.0,0,active_nocollect_0
1203,2067.454641698947,25.434163584211,2.617473621053,0.863636,2.0,0.052632,0.947368,0.000000,50.0,29.0,0.5006974501981896,0,APLUS SAFETY PTE. LTD.,0,0,0,0,0.0,0,0,0,0.0,0.0,0,lapsed_2
423,8968.347043480000,260.082570514800,51.723065530400,6.250000,1.0,1.000000,0.000000,0.000000,61.0,58.0,2.1649128960685795,0,THE PLAYGROUND GUYS PTE. LTD.,0,0,0,0,0.0,0,0,0,0.0,0.0,0,lapsed_0
3667,44102.228761904762,778.645410923810,148.083159614762,5.250000,1.0,1.000000,0.000000,0.000000,11.0,8.0,0.40498915633278215,0,FORWARD READY PTE. LTD.,0,0,0,0,0.0,0,0,0,0.0,0.0,0,active_nocollect_2
3169,36727.816162475122,736.159237794146,128.862312941463,2.277778,1.0,1.000000,0.000000,0.000000,17.0,0.0,0.49835156672819997,0,BRAKING POINT (S) PTE. LTD.,0,0,0,0,0.0,0,0,0,0.0,0.0,0,active_nocollect_0
3407,8770.071610826087,156.593647406087,41.851723410870,1.642857,1.0,1.000000,0.000000,0.000000,13.0,0.0,0.44997415469287383,0,FUNBIZ MARKETING PTE. LTD.,0,0,0,0,0.0,0,0,0,0.0,0.0,0,active_nocollect_0
973,2815.777086856667,51.042754166667,11.271819343333,2.062500,3.0,0.787879,0.181818,0.000000,28.0,13.0,1.6453836898322596,1,GIFT PARADIZE INTERNATIONAL PTE. LTD.,1026.291479085714,26.683620998571,5.877224665714,0.437500,1.0,1.000000,0.000000,0.000000,22.0,7.0,0,lapsed_1
1430,3648.005900000000,37.392060475000,-1.693717025000,2.000000,1.0,0.000000,0.000000,0.000000,48.0,48.0,0.8815346531273621,0,BEGATECH PTE. LTD.,0,0,0,0,0.0,0,0,0,0.0,0.0,0,lapsed_0
2108,7596.998875714286,157.834219117143,48.469554775714,0.583333,1.0,1.000000,0.000000,0.000000,33.0,22.0,1.1885657589952787,0,DIGIFARM PTE. LTD.,0,0,0,0,0.0,0,0,0,0.0,0.0,0,lapsed_1
1758,0,0,0,0,0.0,0,0,0,0.0,0.0,0.8815346531273621,1,VITAL LINK SOLUTION,125.074488000000,2.605718500000,-1.354973620000,0.500000,1.0,1.000000,0.000000,0.000000,40.0,37.0,0,lapsed_1
3958,2307.922100000000,41.311805590000,11.302862362000,1.000000,1.0,0.000000,1.000000,0.000000,8.0,4.0,0.0,0,AUDREY KHOO HOLDINGS PTE. LTD.,0,0,0,0,0.0,0,0,0,0.0,0.0,0,active_nocollect_1
3640,5500.179458826250,110.418252051250,20.456286145625,1.230769,3.0,0.687500,0.000000,0.000000,12.0,0.0,1.4575879128486822,0,U-GROUP HOLDINGS PTE. LTD.,0,0,0,0,0.0,0,0,0,0.0,0.0,0,active_nocollect_3
1155,0,0,0,0,0.0,0,0,0,0.0,0.0,0.8815346531273621,1,DRAMON INDUSTRIES PTE. LTD.,30.776112569231,2.531269400000,1.571830485641,19.500000,1.0,1.000000,0.000000,0.000000,54.0,53.0,0,lapsed_1
1808,0,0,0,0,0.0,0,0,0,0.0,0.0,0.8815346531273621,1,SWISS SECURE SYSTEMS LLP,346.587632900000,0.992203460000,-5.795524030000,0.916667,1.0,1.000000,0.000000,0.000000,39.0,28.0,0,lapsed_1
4476,0,0,0,0,0.0,0,0,0,0.0,0.0,0.8815346531273621,1,P & JS' GIFT HOUSE,1907.013696500000,19.073859420000,-19.527998930000,1.000000,1.0,1.000000,0.000000,0.000000,2.0,2.0,0,active_collect_1
3806,243.448557000000,0.729601180000,-5.092318440000,1.000000,1.0,1.000000,0.000000,0.000000,10.0,10.0,0.8815346531273621,0,SURFACE PROTECTOR ASIA PTE. LTD.,0,0,0,0,0.0,0,0,0,0.0,0.0,0,active_nocollect_2
2977,12.909473940000,2.955629270000,-0.044669460000,1.000000,1.0,1.000000,0.000000,0.000000,18.0,18.0,0.8815346531273621,0,SSHR PTE. LTD.,0,0,0,0,0.0,0,0,0,0.0,0.0,0,lapsed_1
3599,11837.804272071250,199.951670325000,46.261740126250,0.666667,2.0,0.250000,0.000000,0.750000,12.0,1.0,0.8382256244704975,1,POEME LABO PTE. LTD.,1351.550024958571,31.911011377143,2.062240070000,0.583333,1.0,1.000000,0.000000,0.000000,12.0,1.0,0,active_collect_1
932,85504.586987220500,1383.504500429333,222.185397712667,0.983607,2.0,0.966667,0.033333,0.000000,60.0,0.0,0.36703913263119503,0,CHEONG HOCK GUAN WATER HEATER CENTRE PTE LTD,0,0,0,0,0.0,0,0,0,0.0,0.0,0,active_nocollect_0
4168,976.193350247500,12.178011532500,-0.599315255000,4.000000,2.0,0.500000,0.500000,0.000000,6.0,6.0,0.8815346531273621,0,ITSG GLOBAL PTE. LTD.,0,0,0,0,0.0,0,0,0,0.0,0.0,0,active_nocollect_2
1614,0,0,0,0,0.0,0,0,0,0.0,0.0,0.8815346531273621,1,HIVESG LLP,222.602809000000,5.784695070000,0.699821540000,1.000000,1.0,1.000000,0.000000,0.000000,26.0,26.0,0,lapsed_1
1392,13106.764055000000,183.494696770000,26.481544870000,0.666667,1.0,0.000000,0.000000,1.000000,49.0,47.0,0.8815346531273621,0,TAI YAN CORPORATION PTE. LTD.,0,0,0,0,0.0,0,0,0,0.0,0.0,0,lapsed_0
3758,9480.832313150000,164.018812210000,54.479144140000,1.000000,1.0,0.000000,1.000000,0.000000,10.0,0.0,0.0,0,AESTHETICAR PTE. LTD.,0,0,0,0,0.0,0,0,0,0.0,0.0,0,active_nocollect_0
3975,467.421229440000,12.150093120000,2.843955620000,1.000000,1.0,1.000000,0.000000,0.000000,3.0,3.0,0.8815346531273621,0,V-ETICO SERVICES PTE. LTD.,0,0,0,0,0.0,0,0,0,0.0,0.0,0,active_nocollect_1
4150,108199.358666666667,1189.944781666667,420.711864100000,0.428571,1.0,1.000000,0.000000,0.000000,7.0,1.0,0.003972593595341462,0,OVERSEAS UNITED (SINGAPORE) PTE. LTD.,0,0,0,0,0.0,0,0,0,0.0,0.0,0,active_nocollect_0
3583,2295.959888270157,46.212666738189,7.329015613622,9.071429,4.0,0.763780,0.149606,0.055118,13.0,0.0,0.6506510211599198,1,AUDIO LIGHT ASIA PTE LTD,2747.171790000000,27.471717900000,-33.986014150000,1.000000,1.0,1.000000,0.000000,0.000000,8.0,8.0,0,active_collect_3
4556,0,0,0,0,0.0,0,0,0,0.0,0.0,0.8815346531273621,1,TOTAL SOLUTION MARKETING PTE. LTD.,16134.641709604000,523.881937898000,19.705932279000,5.000000,1.0,1.000000,0.000000,0.000000,1.0,0.0,0,active_collect_0
2958,21734.025877447632,87.206541041053,36.809202389474,1.900000,1.0,1.000000,0.000000,0.000000,19.0,0.0,0.5071293312418137,0,ABRAWELD (S) PTE. LTD.,0,0,0,0,0.0,0,0,0,0.0,0.0,0,active_nocollect_0
2890,0,0,0,0,0.0,0,0,0,0.0,0.0,0.8815346531273621,1,SKIYA PTE. LTD.,148.153709000000,0E-12,-4.362717260000,1.000000,1.0,1.000000,0.000000,0.000000,20.0,20.0,0,lapsed_1
314,6309.702678290000,113.574893891250,15.492857710000,4.000000,4.0,0.500000,0.250000,0.125000,61.0,60.0,0.8815346531273621,0,PRESTIGE AFFAIRS PTE. LTD.,0,0,0,0,0.0,0,0,0,0.0,0.0,0,lapsed_0
2049,665.408772973214,16.825230710357,2.962010621429,2.333333,3.0,0.857143,0.107143,0.000000,34.0,23.0,1.56120378100369,0,K.M. ASIA PTE. LTD.,0,0,0,0,0.0,0,0,0,0.0,0.0,0,lapsed_1
792,2583.702837571429,61.362011778571,7.939464735714,1.000000,3.0,0.142857,0.714286,0.000000,61.0,55.0,2.033913969197152,0,PROVIZIA PTE. LTD.,0,0,0,0,0.0,0,0,0,0.0,0.0,0,lapsed_0
1844,6253.210169430714,93.099663108571,11.893395661939,2.648649,5.0,0.234694,0.000000,0.000000,37.0,1.0,2.1289487222707555,0,QING QING GLOBAL PTE. LTD.,0,0,0,0,0.0,0,0,0,0.0,0.0,0,active_nocollect_3
1612,0,0,0,0,0.0,0,0,0,0.0,0.0,0.8815346531273621,1,AFFAIRS LIVING PTE. LTD.,1102.893451760994,24.384257124269,5.358680775556,14.250000,1.0,1.000000,0.000000,0.000000,43.0,32.0,0,lapsed_1
3598,2616.885865000000,47.295652002500,13.008118997500,0.400000,1.0,1.000000,0.000000,0.000000,12.0,3.0,1.8605719321015792,0,HARESH ENTERPRISES (S) PTE. LTD.,0,0,0,0,0.0,0,0,0,0.0,0.0,0,active_nocollect_1
2115,4479.110982940000,116.457004675000,53.380004700000,0.666667,1.0,0.000000,0.000000,0.000000,33.0,31.0,0.8815346531273621,0,UNITED GLOBAL INVESTMENTS PTE. LTD.,0,0,0,0,0.0,0,0,0,0.0,0.0,0,lapsed_2
3613,4359.724406180000,81.029336881429,5.163576864286,0.583333,3.0,0.000000,0.714286,0.000000,12.0,1.0,1.5841288246982528,0,APLEX SINGAPORE PTE. LTD.,0,0,0,0,0.0,0,0,0,0.0,0.0,0,active_nocollect_3
1303,4786.180304687692,120.886439782308,20.159670909231,0.764706,3.0,0.076923,0.615385,0.307692,52.0,36.0,1.1827761973719313,0,XPRESS TRADING PTE. LTD.,0,0,0,0,0.0,0,0,0,0.0,0.0,0,lapsed_2
755,152177.157912876531,3706.053863270000,22.428778965102,0.816667,1.0,0.000000,0.000000,1.000000,60.0,1.0,0.2816764619569059,0,UNIVERSAL PROCUREMENT SYSTEMS PTE LTD,0,0,0,0,0.0,0,0,0,0.0,0.0,0,active_nocollect_0
436,240148.294438486121,2341.180053296207,474.800483035431,1.901639,1.0,1.000000,0.000000,0.000000,61.0,1.0,0.8632301826241766,0,INFAR INTERNATIONAL PTE LTD,0,0,0,0,0.0,0,0,0,0.0,0.0,0,active_nocollect_3
4445,41742.767233942500,830.980380697500,53.687107237500,1.333333,2.0,0.250000,0.000000,0.750000,3.0,1.0,0.18220697804753036,0,KTK BEAUTY PTE. LTD.,0,0,0,0,0.0,0,0,0,0.0,0.0,0,active_nocollect_0
2000,5422.376116666667,86.518953534444,26.724745263333,0.818182,1.0,0.000000,1.000000,0.000000,35.0,25.0,0.6042844488518998,0,CHAN WENG WAH HARDWARE PTE. LTD.,0,0,0,0,0.0,0,0,0,0.0,0.0,0,lapsed_2
358,7874.424038461538,135.583264807692,29.945718761538,1.300000,1.0,0.000000,0.000000,1.000000,34.0,5.0,0.42534292524632394,0,GOOD TIMES MARKETING (S) PTE LTD,0,0,0,0,0.0,0,0,0,0.0,0.0,0,active_nocollect_1
2897,37630.457660565000,557.013276380000,60.229321900000,0.666667,1.0,1.000000,0.000000,0.000000,21.0,19.0,0.8815346531273621,0,PRIME DELI TRADING PTE LTD,0,0,0,0,0.0,0,0,0,0.0,0.0,0,lapsed_1
4036,729.356242461000,22.390566825000,2.219327671000,2.000000,1.0,1.000000,0.000000,0.000000,7.0,3.0,0.8714002006263221,0,DY INDUSTRIES PRIVATE LIMITED,0,0,0,0,0.0,0,0,0,0.0,0.0,0,active_nocollect_1
3117,0,0,0,0,0.0,0,0,0,0.0,0.0,0.8815346531273621,1,LERFEL HOLDINGS PTE. LTD.,1861.227500000000,0E-12,-36.789022765000,2.000000,1.0,1.000000,0.000000,0.000000,17.0,17.0,0,lapsed_1
3856,5583.682500000000,95.543011666667,0.732082816667,3.000000,1.0,1.000000,0.000000,0.000000,9.0,9.0,0.8815346531273621,0,CREST HOROLOGY PTE. LTD.,0,0,0,0,0.0,0,0,0,0.0,0.0,0,active_nocollect_2
2574,1720.641654816667,32.498949778333,9.661801155000,2.538462,2.0,0.015152,0.000000,0.984848,25.0,0.0,0.6430647373978685,1,DINOSOURCE GLOBAL PRIVATE LIMITED,819.443320768519,18.060800185185,0.180608001852,1.080000,1.0,1.000000,0.000000,0.000000,24.0,0.0,0,active_collect_2
1033,57284.342359820805,778.771729897586,-83.794686965632,1.500000,4.0,0.965517,0.000000,0.000000,57.0,0.0,1.1613395309581727,0,STAR WATCHES PTE. LTD.,0,0,0,0,0.0,0,0,0,0.0,0.0,0,active_nocollect_3
3641,1245.243587837333,40.645237981333,4.552314301333,1.153846,1.0,1.000000,0.000000,0.000000,12.0,0.0,1.579490627117475,0,VEUDET PTE. LTD.,0,0,0,0,0.0,0,0,0,0.0,0.0,0,active_nocollect_3
3161,4099.294895768810,82.128879184524,17.220254089762,2.333333,3.0,0.738095,0.238095,0.000000,17.0,0.0,0.8205485397394949,0,SOICOCO PTE. LTD.,0,0,0,0,0.0,0,0,0,0.0,0.0,0,active_nocollect_0
2271,707.266450000000,18.388927700000,8.323409380000,1.000000,1.0,0.000000,1.000000,0.000000,31.0,31.0,0.8815346531273621,0,THETEHCOMPANY PTE. LTD.,0,0,0,0,0.0,0,0,0,0.0,0.0,0,lapsed_2
2663,122583.864005222065,1974.102612812717,290.853859579130,6.571429,4.0,0.119565,0.000000,0.847826,24.0,11.0,1.4187954007425516,0,ASIA AUTOMATION (SINGAPORE) PTE. LTD.,0,0,0,0,0.0,0,0,0,0.0,0.0,0,active_nocollect_2
2536,1786.033909000000,37.507456580000,1.671382295000,0.800000,1.0,0.000000,0.000000,1.000000,25.0,21.0,1.9540168418367896,0,NOTEWORTHIE GIFTS PTE. LTD.,0,0,0,0,0.0,0,0,0,0.0,0.0,0,lapsed_1
2366,16535.145110000000,165.351451100000,-23.536338474000,0.833333,1.0,1.000000,0.000000,0.000000,16.0,11.0,1.486045729073492,0,NG KEE TRADING PTE. LTD.,0,0,0,0,0.0,0,0,0,0.0,0.0,0,active_nocollect_2
1501,5606.422977595000,145.767615345000,43.958471095000,2.000000,1.0,1.000000,0.000000,0.000000,45.0,45.0,0.8815346531273621,0,NETZACH WOOD VENEERS PTE. LTD.,0,0,0,0,0.0,0,0,0,0.0,0.0,0,lapsed_0
3756,0,0,0,0,0.0,0,0,0,0.0,0.0,0.8815346531273621,1,RASLOK PTE. LTD.,557.623759000000,9.142349480000,-3.279482855000,2.000000,1.0,1.000000,0.000000,0.000000,8.0,8.0,0,active_collect_3
2107,3428.575367151000,104.613641847000,1.795712292000,5.000000,1.0,1.000000,0.000000,0.000000,33.0,32.0,0.8815346531273621,0,MINC DESIGN & APPARELS PTE. LTD.,0,0,0,0,0.0,0,0,0,0.0,0.0,0,lapsed_2
2264,22334.730000000000,402.955753750000,34.522047670000,4.000000,1.0,1.000000,0.000000,0.000000,31.0,31.0,0.8815346531273621,0,PLOUTOS VENTURES PTE. LTD.,0,0,0,0,0.0,0,0,0,0.0,0.0,0,lapsed_2
3058,5274.272040400000,74.454311437000,-12.671981311000,0.625000,1.0,1.000000,0.000000,0.000000,18.0,3.0,1.334098516321521,0,AGILESOFT PTE. LTD.,0,0,0,0,0.0,0,0,0,0.0,0.0,0,active_nocollect_1
2883,18476.552015866389,404.786581200833,87.062431964444,1.636364,1.0,1.000000,0.000000,0.000000,21.0,0.0,0.781741601887685,0,SIX ELEVEN PTE. LTD.,0,0,0,0,0.0,0,0,0,0.0,0.0,0,active_nocollect_0
661,1298.466753100000,33.762666850000,5.754915430000,1.000000,1.0,1.000000,0.000000,0.000000,61.0,61.0,0.8815346531273621,0,BEER CONNOISSEUR PTE. LTD.,0,0,0,0,0.0,0,0,0,0.0,0.0,0,lapsed_0
4326,5244.693412970000,73.429147330000,-48.265351530000,1.000000,1.0,1.000000,0.000000,0.000000,3.0,3.0,0.8815346531273621,0,BFM INTEGRATED,0,0,0,0,0.0,0,0,0,0.0,0.0,0,active_nocollect_1
1482,0,0,0,0,0.0,0,0,0,0.0,0.0,0.8815346531273621,1,PROBUILD SOLUTIONS PTE. LTD.,664.011522900000,18.176747765000,3.231090940000,0.181818,1.0,1.000000,0.000000,0.000000,46.0,36.0,0,lapsed_1
914,9807.684957797077,151.431114568923,16.173874344462,11.721311,4.0,0.731469,0.000000,0.262937,61.0,1.0,0.21643941283945883,0,GLOBAL TRADE WELL PTE LTD,0,0,0,0,0.0,0,0,0,0.0,0.0,0,active_nocollect_0
3985,37224.550000000000,1079.511950000000,209.894347630000,1.000000,1.0,1.000000,0.000000,0.000000,8.0,8.0,0.8815346531273621,0,VISTA HARDWARE SUPPLIES PTE LTD,0,0,0,0,0.0,0,0,0,0.0,0.0,0,active_nocollect_2
427,2804.184724657250,51.138714544500,3.225941543917,2.926829,3.0,0.808333,0.116667,0.075000,61.0,21.0,0.6914474226262677,0,NECTARS & VINE (SINGAPORE) PTE LTD,0,0,0,0,0.0,0,0,0,0.0,0.0,0,lapsed_1
4700,7497.534346335000,150.268063440000,-21.917815040000,2.000000,1.0,0.000000,0.000000,0.000000,0.0,0.0,0.8815346531273621,0,VALUELINK PTE LTD,0,0,0,0,0.0,0,0,0,0.0,0.0,0,active_nocollect_3
3718,20838.954858030000,261.586388190000,-11.915240050000,1.100000,1.0,1.000000,0.000000,0.000000,9.0,0.0,0.9138257519664429,0,ALLIANCE PANEL & SYSTEM PTE. LTD.,0,0,0,0,0.0,0,0,0,0.0,0.0,0,active_nocollect_3
3449,0,0,0,0,0.0,0,0,0,0.0,0.0,0.8815346531273621,1,HUPLIKRESOURCES,1507.207139680000,48.403529059600,5.082193362400,12.500000,1.0,1.000000,0.000000,0.000000,13.0,12.0,0,active_collect_3
3908,828.288538125000,14.482380380000,3.554267715000,2.750000,3.0,0.409091,0.545455,0.000000,7.0,0.0,0.37385252477497277,1,CLEAN OCEANS PACKAGING PTE. LTD.,51.604393665000,0.327576040000,-0.569535615000,0.250000,1.0,1.000000,0.000000,0.000000,8.0,1.0,0,active_collect_2
1684,0,0,0,0,0.0,0,0,0,0.0,0.0,0.8815346531273621,1,AMARDEEP FABRICS PTE. LTD.,551.196450645789,15.817494969737,0.985275062895,0.926829,1.0,1.000000,0.000000,0.000000,41.0,1.0,0,active_collect_2
1337,250.722234070000,30.043934305000,11.455234853333,1.000000,1.0,1.000000,0.000000,0.000000,51.0,46.0,1.5825533539870584,0,K. U. T. DIESELS (PTE) LTD,0,0,0,0,0.0,0,0,0,0.0,0.0,0,lapsed_0
1927,2233.473000000000,64.770717000000,31.499414210000,1.000000,1.0,1.000000,0.000000,0.000000,36.0,36.0,0.8815346531273621,0,TEK AN PTE. LTD.,0,0,0,0,0.0,0,0,0,0.0,0.0,0,lapsed_2
3307,7348.868334465625,104.045874398125,8.305727718750,2.000000,1.0,0.000000,0.000000,1.000000,15.0,0.0,0.9931696757221069,0,MPOROS PRIVATE LIMITED,0,0,0,0,0.0,0,0,0,0.0,0.0,0,active_nocollect_3
2161,5990.804921713333,109.436454545000,30.684196565000,0.206897,1.0,1.000000,0.000000,0.000000,32.0,4.0,1.7452714779962208,0,ILODIA LABS PTE. LTD.,0,0,0,0,0.0,0,0,0,0.0,0.0,0,active_nocollect_1
2039,0,0,0,0,0.0,0,0,0,0.0,0.0,0.8815346531273621,1,PRIMIEM PRIVATE LIMITED,1396.055080888251,35.789960593825,4.595380868142,7.038462,1.0,1.000000,0.000000,0.000000,34.0,9.0,0,active_collect_3
2567,9380.679661375000,214.396656952500,78.187685638333,1.714286,2.0,0.750000,0.250000,0.000000,25.0,19.0,1.2247252299065456,0,TOORAK PTE. LTD.,0,0,0,0,0.0,0,0,0,0.0,0.0,0,lapsed_1
1270,3919.396134843750,144.679727871250,30.694433316250,0.484848,1.0,1.000000,0.000000,0.000000,50.0,18.0,1.0648998176303368,0,PETIT GROCER PTE. LTD.,0,0,0,0,0.0,0,0,0,0.0,0.0,0,lapsed_1
1141,6168.639714285714,146.673589988095,46.473609856667,1.000000,1.0,1.000000,0.000000,0.000000,55.0,35.0,1.1813233292070595,0,SAFETY FIT ASIA PTE. LTD.,0,0,0,0,0.0,0,0,0,0.0,0.0,0,lapsed_2
4208,1215.192244074286,21.288188365714,4.978517672857,1.000000,2.0,0.142857,0.000000,0.857143,6.0,0.0,0.12311635235989714,0,MCSYS COMPUTER SERVICES,0,0,0,0,0.0,0,0,0,0.0,0.0,0,active_nocollect_0
3714,10340.893070675750,223.437941779250,6.554498764000,4.000000,3.0,0.600000,0.025000,0.375000,11.0,2.0,0.7732220357114015,0,LIHT ORGANICS PTE. LTD.,0,0,0,0,0.0,0,0,0,0.0,0.0,0,active_nocollect_0
4634,10603.792757910000,231.804717760000,-15.403518790000,1.000000,1.0,1.000000,0.000000,0.000000,1.0,1.0,0.8815346531273621,0,GREEN REPUBLIC PTE. LTD.,0,0,0,0,0.0,0,0,0,0.0,0.0,0,active_nocollect_1
3476,5334.841782855055,95.519995168352,25.571465981648,6.500000,2.0,0.736264,0.000000,0.263736,13.0,0.0,0.47667153898830217,0,PESTTECH PTE. LTD.,0,0,0,0,0.0,0,0,0,0.0,0.0,0,active_nocollect_0
2047,72904.281175000000,1330.323522990000,252.736082225000,0.333333,1.0,1.000000,0.000000,0.000000,34.0,29.0,0.8815346531273621,0,HAWKEYE ASSOCIATES PTE. LTD.,0,0,0,0,0.0,0,0,0,0.0,0.0,0,lapsed_2
4002,3203.409523801667,42.836771321667,-19.040357325000,1.500000,1.0,1.000000,0.000000,0.000000,8.0,5.0,0.4910547136562123,0,O2GENES PRIVATE LIMITED,0,0,0,0,0.0,0,0,0,0.0,0.0,0,active_nocollect_1
2074,2691.270226652174,57.885146325217,13.575307847391,0.676471,1.0,0.000000,0.000000,1.000000,34.0,1.0,0.8408127413646199,0,TAIMATSU SG PTE. LTD.,0,0,0,0,0.0,0,0,0,0.0,0.0,0,active_nocollect_1
1124,4094.700500000000,59.373157250000,-30.236261146667,1.000000,1.0,1.000000,0.000000,0.000000,56.0,54.0,1.8549991342664358,0,CLEAN & GREEN TRADING PTE. LTD.,0,0,0,0,0.0,0,0,0,0.0,0.0,0,lapsed_0
2351,1780.077981000000,51.623005940000,10.329812625000,1.000000,1.0,0.000000,1.000000,0.000000,28.0,27.0,0.8815346531273621,0,RICHFLAIR PTE. LTD.,0,0,0,0,0.0,0,0,0,0.0,0.0,0,lapsed_2
2088,1399.643080000000,1.055688238000,-32.835031064000,2.500000,2.0,0.000000,0.200000,0.000000,34.0,33.0,0.8815346531273621,0,FUTUREBUILD MATERIAL CORPORATION PTE. LTD.,0,0,0,0,0.0,0,0,0,0.0,0.0,0,lapsed_2
971,2800.864480920000,0E-12,-22.252835990000,1.000000,1.0,0.000000,1.000000,0.000000,59.0,59.0,0.8815346531273621,0,AIRMOCKS,0,0,0,0,0.0,0,0,0,0.0,0.0,0,lapsed_0
728,8217.381098897143,227.409030184286,78.989431541429,0.218750,1.0,1.000000,0.000000,0.000000,54.0,23.0,1.7044730474617418,1,RARE GEMS ASIA PTE. LTD.,5382.111561750000,139.934528360000,34.149802170000,0.800000,1.0,1.000000,0.000000,0.000000,54.0,50.0,0,lapsed_1
1179,115525.522888736757,2407.502600380811,366.129405828108,1.761905,1.0,1.000000,0.000000,0.000000,20.0,0.0,0.48089672437558706,0,GOOD PHARMA DERMATOLOGY PTE. LTD.,0,0,0,0,0.0,0,0,0,0.0,0.0,0,active_nocollect_0
1679,2747.005265816496,88.288360477778,32.975288077863,3.774194,4.0,0.931624,0.000000,0.000000,30.0,0.0,0.30389883074707263,1,PAWS AVENUE PTE. LTD.,899.925830980000,0E-12,-15.567306810000,2.000000,1.0,1.000000,0.000000,0.000000,28.0,27.0,0,lapsed_1
4207,0,0,0,0,0.0,0,0,0,0.0,0.0,0.8815346531273621,1,ONLEWO PTE. LTD.,1141.284022694444,7.472621609444,-1.859159469444,3.000000,1.0,1.000000,0.000000,0.000000,5.0,0.0,0,active_collect_2
563,5211.437000000000,0E-12,-112.343691900000,1.000000,1.0,1.000000,0.000000,0.000000,59.0,59.0,0.8815346531273621,0,THE PURIST SELECTIONS,0,0,0,0,0.0,0,0,0,0.0,0.0,0,lapsed_0
1306,1457.115754770000,29.840552900000,-1.711990895000,3.473684,1.0,1.000000,0.000000,0.000000,51.0,33.0,0.6283007398251553,0,THE SCARLET COMPANY PTE. LTD.,0,0,0,0,0.0,0,0,0,0.0,0.0,0,lapsed_2
524,1809.113130000000,48.756715590000,7.132223780000,1.000000,1.0,1.000000,0.000000,0.000000,34.0,33.0,0.8815346531273621,0,CRICKET CORPORATION PTE. LTD.,0,0,0,0,0.0,0,0,0,0.0,0.0,0,lapsed_2
1428,7691.388578101462,152.972226557615,21.122068698077,3.421053,3.0,0.730769,0.261538,0.000000,48.0,11.0,0.9973389734089818,0,ZANSAN SINGAPORE PTE. LTD.,0,0,0,0,0.0,0,0,0,0.0,0.0,0,active_nocollect_2
4267,18391.633924785000,370.492223695000,38.042249281667,1.000000,2.0,0.833333,0.000000,0.166667,5.0,0.0,0.5961941322647507,0,SUGARY ESCAPE PTE. LTD.,0,0,0,0,0.0,0,0,0,0.0,0.0,0,active_nocollect_0
583,4318.047800000000,0E-12,-60.132538070000,1.000000,1.0,0.000000,1.000000,0.000000,53.0,53.0,0.8815346531273621,0,CONFIDENCE GINSENG BIRDNEST (S) PTE LTD,0,0,0,0,0.0,0,0,0,0.0,0.0,0,lapsed_0
1346,1951.833118258571,64.866260011667,13.776628695238,6.000000,1.0,1.000000,0.000000,0.000000,6.0,0.0,1.0483178839190568,1,EZ CREATION HOLDINGS PTE. LTD.,735.363540340000,17.321203524167,2.509555079167,0.571429,1.0,1.000000,0.000000,0.000000,22.0,2.0,0,active_collect_1
3447,0,0,0,0,0.0,0,0,0,0.0,0.0,0.8815346531273621,1,STELLAR M PTE. LTD.,1906.604226450000,24.784105390000,-12.715906280000,1.000000,1.0,1.000000,0.000000,0.000000,13.0,13.0,0,lapsed_1
2314,20785.739318160000,375.873201600000,83.641533420000,0.550000,1.0,1.000000,0.000000,0.000000,30.0,11.0,0.9139289024077272,0,ART COSMETICS,0,0,0,0,0.0,0,0,0,0.0,0.0,0,active_nocollect_2
1355,1286.238488425000,62.771758665000,19.539166295000,0.250000,1.0,1.000000,0.000000,0.000000,50.0,43.0,0.8815346531273621,1,SUNSHING MARKETING PTE LTD,257.608775820000,6.700419000000,2.345146650000,1.000000,1.0,1.000000,0.000000,0.000000,22.0,22.0,0,lapsed_2
3204,5955.928000000000,154.854128000000,16.885055880000,1.000000,1.0,1.000000,0.000000,0.000000,16.0,16.0,0.8815346531273621,0,DR BUSINESS CATALYST TRADE PTE. LTD.,0,0,0,0,0.0,0,0,0,0.0,0.0,0,lapsed_1
4399,9446.625815126923,161.501287259231,38.017719257692,2.600000,2.0,0.923077,0.000000,0.000000,4.0,0.0,0.7669789238636684,0,TOTAL MAIL SOLUTIONS PTE. LTD.,0,0,0,0,0.0,0,0,0,0.0,0.0,0,active_nocollect_0
433,1963.550343040000,47.039547098500,14.179203340500,1.000000,2.0,0.000000,0.950000,0.050000,61.0,42.0,0.5847892574744149,0,HONEYSPREE PTE. LTD.,0,0,0,0,0.0,0,0,0,0.0,0.0,0,lapsed_2
3707,7103.376498650781,147.190989075625,29.314565778438,5.818182,2.0,0.875000,0.000000,0.000000,10.0,0.0,0.7040863974029988,0,VISIONTEK SINGAPORE PTE. LTD.,0,0,0,0,0.0,0,0,0,0.0,0.0,0,active_nocollect_0
4215,7946.221948742000,138.817791860000,-62.796326868000,1.250000,1.0,0.000000,1.000000,0.000000,6.0,3.0,0.20443455398589497,0,MOUNTAIN TEAK PTE. LTD.,0,0,0,0,0.0,0,0,0,0.0,0.0,0,active_nocollect_1
480,0,0,0,0,0.0,0,0,0,0.0,0.0,0.8815346531273621,1,ROYALWORKZ,8900.583472660000,231.417582440000,46.545577320000,1.000000,1.0,1.000000,0.000000,0.000000,50.0,50.0,0,lapsed_1
1940,2438.264200230000,40.642102095000,-4.619905060000,0.628571,2.0,0.272727,0.727273,0.000000,36.0,2.0,0.9507852355215278,1,SUSTAINABILITY COLLECTIVE PTE. LTD.,3461.883150000000,45.004480950000,-27.907245135000,2.000000,1.0,1.000000,0.000000,0.000000,16.0,16.0,0,lapsed_1
4142,29301.132767790714,509.181324967857,60.731321545714,1.750000,3.0,0.357143,0.214286,0.428571,7.0,0.0,0.33136385772625554,0,LEPETITSOCIETY PTE. LTD.,0,0,0,0,0.0,0,0,0,0.0,0.0,0,active_nocollect_0
2750,1578.320920000000,45.771306680000,7.229007610000,1.000000,1.0,0.000000,0.000000,0.000000,22.0,22.0,0.8815346531273621,0,TKMVS TRADING PRIVATE LIMITED,0,0,0,0,0.0,0,0,0,0.0,0.0,0,lapsed_1
1882,14493.033284798750,217.395714864167,92.983203445000,12.000000,2.0,0.916667,0.083333,0.000000,37.0,36.0,0.8815346531273621,0,DRINIFINI BEVERAGES PTE. LTD.,0,0,0,0,0.0,0,0,0,0.0,0.0,0,lapsed_2
2131,5075.667898785000,102.041531797857,33.055400400000,0.933333,2.0,0.214286,0.785714,0.000000,33.0,19.0,0.7413990375804634,0,SRI SARAVANAA RESTAURANT PTE. LTD.,0,0,0,0,0.0,0,0,0,0.0,0.0,0,lapsed_1
3787,7985.087356906000,141.290990962000,33.732887210000,0.454545,1.0,0.000000,0.000000,1.000000,10.0,0.0,0.1786581124627696,0,ACESIA PTE. LTD.,0,0,0,0,0.0,0,0,0,0.0,0.0,0,active_nocollect_0
2176,21718.287729545000,224.586877515000,-4.468186818333,0.857143,1.0,1.000000,0.000000,0.000000,30.0,24.0,2.3281770169471265,0,IRISH DUCK COMPANY PTE. LTD.,0,0,0,0,0.0,0,0,0,0.0,0.0,0,lapsed_1
3252,0,0,0,0,0.0,0,0,0,0.0,0.0,0.8815346531273621,1,ASIA APPAREL PTE. LTD.,108.961984703846,0.627663181538,0.039515291538,0.812500,1.0,1.000000,0.000000,0.000000,15.0,0.0,0,active_collect_2
2814,3407.490464402558,90.476086718140,38.345268661163,2.388889,3.0,0.767442,0.209302,0.000000,21.0,4.0,1.0217459898657753,0,LBRLABEL PTE. LTD.,0,0,0,0,0.0,0,0,0,0.0,0.0,0,active_nocollect_1
1579,2884.530379500000,53.739842016667,15.609849152857,1.500000,3.0,0.047619,0.666667,0.285714,43.0,30.0,0.9691242016067436,0,8BUNDANCE PTE. LTD.,0,0,0,0,0.0,0,0,0,0.0,0.0,0,lapsed_2
875,2559.202702320000,0E-12,-53.528902900000,1.000000,1.0,1.000000,0.000000,0.000000,61.0,61.0,0.8815346531273621,0,COLLECTIF DESIGNS PRIVATE LIMITED,0,0,0,0,0.0,0,0,0,0.0,0.0,0,lapsed_0
2783,1608.100560000000,39.610055898947,18.105629282632,1.000000,1.0,0.000000,0.000000,0.000000,22.0,4.0,0.3252180950806972,0,INVITY PTE. LTD.,0,0,0,0,0.0,0,0,0,0.0,0.0,0,active_nocollect_1
3570,1957.732890366000,81.052735170000,20.412454238000,0.625000,1.0,1.000000,0.000000,0.000000,9.0,2.0,0.4203293365085345,0,MINITOTZ PTE. LTD.,0,0,0,0,0.0,0,0,0,0.0,0.0,0,active_nocollect_1
2181,2446.218748160000,70.942547390000,13.758193680000,1.000000,1.0,0.000000,0.000000,0.000000,29.0,29.0,0.8815346531273621,0,DAJA AEROTECH PTE. LTD.,0,0,0,0,0.0,0,0,0,0.0,0.0,0,lapsed_2
2639,5683.992866315789,110.019312630526,36.817039136842,1.357143,1.0,1.000000,0.000000,0.000000,19.0,6.0,1.0614929108657694,1,SEASONS HARVEST PTE. LTD.,1863.088727500000,6.856762110000,-26.273087390000,0.666667,1.0,1.000000,0.000000,0.000000,22.0,20.0,0,lapsed_1
3691,11001.176927138750,199.409122508750,53.399547588750,0.800000,1.0,0.000000,0.000000,1.000000,11.0,2.0,0.4025922824550905,0,FUNKYMUNKY LLP,0,0,0,0,0.0,0,0,0,0.0,0.0,0,active_nocollect_1
898,1973.518925204476,37.372343839949,5.024952476880,6.409836,6.0,0.529412,0.153453,0.115090,61.0,1.0,0.26675593416991267,0,ITALIAN FOOD & WINE PTE LTD,0,0,0,0,0.0,0,0,0,0.0,0.0,0,active_nocollect_0
554,20611.814037980000,267.953478265000,-33.597017602500,2.000000,2.0,0.000000,0.500000,0.500000,61.0,60.0,0.8815346531273621,0,J.P. ELECTRONICS PTE LTD,0,0,0,0,0.0,0,0,0,0.0,0.0,0,lapsed_0
2786,893.947568250000,19.524276475000,-1.395920625000,0.111111,1.0,1.000000,0.000000,0.000000,22.0,5.0,0.8815346531273621,0,OPTIMAL CORPORATION PTE LTD,0,0,0,0,0.0,0,0,0,0.0,0.0,0,active_nocollect_1
2097,1845.402812015714,64.396344382857,13.862422420000,0.636364,1.0,1.000000,0.000000,0.000000,34.0,24.0,1.5792233539014375,0,GLOBSOL SINGAPORE PTE LTD,0,0,0,0,0.0,0,0,0,0.0,0.0,0,lapsed_1
326,74222.377674133333,781.632167008000,200.652070913556,1.250000,1.0,1.000000,0.000000,0.000000,61.0,26.0,0.3668108364857353,0,STARCAST (S) PTE LTD,0,0,0,0,0.0,0,0,0,0.0,0.0,0,lapsed_1
3905,1262.768409650000,18.422429795000,1.894729595000,2.000000,1.0,0.000000,0.000000,0.000000,8.0,8.0,0.8815346531273621,0,MULTI INDUSTRIAL SUPPLIES PTE LTD,0,0,0,0,0.0,0,0,0,0.0,0.0,0,active_nocollect_2
4346,18805.060944450000,459.149934430000,215.006519163333,1.500000,1.0,1.000000,0.000000,0.000000,4.0,3.0,0.8815346531273621,0,REAMNEXT SG PTE. LTD.,0,0,0,0,0.0,0,0,0,0.0,0.0,0,active_nocollect_1
3999,606.228385714286,14.051735845714,-0.071258424286,0.875000,1.0,0.000000,1.000000,0.000000,8.0,1.0,0.046416689667799826,0,TWIGI STUDIOS,0,0,0,0,0.0,0,0,0,0.0,0.0,0,active_nocollect_0
3649,1678.830927455000,15.812988840000,-5.907536085000,0.166667,1.0,0.000000,0.000000,0.000000,12.0,1.0,0.8815346531273621,0,TRESORIA,0,0,0,0,0.0,0,0,0,0.0,0.0,0,active_nocollect_1
1986,15001.844984061618,256.981870604412,46.441020128088,2.428571,2.0,0.779412,0.000000,0.220588,35.0,8.0,0.9174213929520434,0,OUR WORKSHOP SYSTEM (S) PTE LTD,0,0,0,0,0.0,0,0,0,0.0,0.0,0,active_nocollect_2
443,1448.610922000000,30.100262775000,19.312166775000,1.737705,2.0,0.000000,0.990566,0.000000,61.0,1.0,0.12855076963865006,1,CHIA & THAI FOOD SUPPLIES PTE LTD,64.592039160000,2.531269400000,1.042287400000,1.000000,1.0,1.000000,0.000000,0.000000,2.0,2.0,0,active_collect_1
3070,0,0,0,0,0.0,0,0,0,0.0,0.0,0.8815346531273621,1,LITTLEWODE INTERNATIONAL PTE. LTD.,2967.328414285714,84.536953050000,18.942509936429,1.166667,1.0,1.000000,0.000000,0.000000,15.0,4.0,0,active_collect_1
4191,8114.951900000000,210.988749400000,104.293262553333,1.000000,1.0,0.000000,1.000000,0.000000,5.0,0.0,0.0,0,ARES MERCHANTS PTE. LTD.,0,0,0,0,0.0,0,0,0,0.0,0.0,0,active_nocollect_0
3181,59861.346055885000,1222.988766538000,267.657170847000,0.555556,1.0,1.000000,0.000000,0.000000,17.0,0.0,1.146938167162259,0,GOOD PHARMACEUTICAL PTE. LTD.,0,0,0,0,0.0,0,0,0,0.0,0.0,0,active_nocollect_3
1239,7444.910000000000,74.449100000000,15.303632914167,1.000000,1.0,0.000000,0.000000,1.000000,53.0,42.0,0.0,0,POI HONG TRADING PTE. LTD.,0,0,0,0,0.0,0,0,0,0.0,0.0,0,lapsed_2
3595,565.813160000000,16.408581640000,8.360633930000,2.000000,1.0,0.000000,0.000000,0.000000,13.0,13.0,0.8815346531273621,0,PAPA GLOBAL PTE. LTD.,0,0,0,0,0.0,0,0,0,0.0,0.0,0,lapsed_1
3150,5579.290003100000,108.613791990000,-36.228421042000,1.250000,1.0,0.000000,1.000000,0.000000,17.0,14.0,1.8979106559644054,0,GOLDEN TEAK,0,0,0,0,0.0,0,0,0,0.0,0.0,0,lapsed_1
4157,893.389200000000,15.187616400000,2.791841250000,1.000000,1.0,1.000000,0.000000,0.000000,6.0,6.0,0.8815346531273621,0,REDWHITE APPAREL PTE. LTD.,0,0,0,0,0.0,0,0,0,0.0,0.0,0,active_nocollect_2
3900,5404.136312770000,99.308669705000,28.978296960000,2.750000,2.0,0.681818,0.318182,0.000000,8.0,1.0,0.5261358116378332,0,ADTREND PTE. LTD.,0,0,0,0,0.0,0,0,0,0.0,0.0,0,active_nocollect_0
1023,8702.603462666667,99.816390006667,30.475739085000,0.500000,2.0,0.333333,0.666667,0.000000,58.0,47.0,1.5688253502810179,0,ICLOUD SINGAPORE PTE. LTD.,0,0,0,0,0.0,0,0,0,0.0,0.0,0,lapsed_0
2436,4580.990853835000,66.579830130000,5.572515135000,2.000000,1.0,1.000000,0.000000,0.000000,28.0,28.0,0.8815346531273621,0,GOOD WINES AND FRIENDS PTE. LTD.,0,0,0,0,0.0,0,0,0,0.0,0.0,0,lapsed_2
1976,4188.990285150000,104.157268864000,31.387740560000,0.416667,3.0,0.600000,0.000000,0.200000,35.0,24.0,1.2749236368987344,0,BRAT RESOURCES PTE. LTD.,0,0,0,0,0.0,0,0,0,0.0,0.0,0,lapsed_1
3678,6700.419000000000,107.206704000000,19.267427080000,3.000000,1.0,0.000000,0.000000,1.000000,10.0,10.0,0.8815346531273621,0,A-STAR ENRICHMENT SERVICES,0,0,0,0,0.0,0,0,0,0.0,0.0,0,active_nocollect_2
19,5770.744339493692,79.623197912923,2.644890180308,1.382979,5.0,0.015385,0.061538,0.876923,61.0,15.0,0.5267950585818505,0,KDY HOLDINGS PTE. LTD.,0,0,0,0,0.0,0,0,0,0.0,0.0,0,lapsed_1
4385,12971.445370840000,225.677556830000,59.328487790000,1.000000,1.0,0.000000,0.000000,0.000000,4.0,4.0,0.8815346531273621,0,J LEE INVESTMENT PTE. LTD.,0,0,0,0,0.0,0,0,0,0.0,0.0,0,active_nocollect_1
2182,101421.994040180000,1615.307232880000,-201.213582570000,1.500000,1.0,1.000000,0.000000,0.000000,32.0,31.0,0.8815346531273621,0,NEW MONEY ENTERPRISES,0,0,0,0,0.0,0,0,0,0.0,0.0,0,lapsed_2
4451,3767.880404707692,65.006090693077,15.435016486154,4.333333,3.0,0.307692,0.384615,0.307692,2.0,0.0,0.3419236525193453,0,DESEM PTE. LTD.,0,0,0,0,0.0,0,0,0,0.0,0.0,0,active_nocollect_0
4107,9615.689412890000,286.450357160000,21.575349180000,1.000000,1.0,0.000000,0.000000,0.000000,7.0,7.0,0.8815346531273621,0,NEWSHORE SOLUTIONS PTE. LTD.,0,0,0,0,0.0,0,0,0,0.0,0.0,0,active_nocollect_2
1127,297.796400000000,4.318047800000,-1.529929005000,0.200000,1.0,1.000000,0.000000,0.000000,56.0,47.0,0.8815346531273621,0,LIFEHEALTH PTE. LTD.,0,0,0,0,0.0,0,0,0,0.0,0.0,0,lapsed_0
1032,63210.457148044381,862.628179054190,-39.349752737429,1.842105,3.0,0.952381,0.000000,0.000000,56.0,0.0,0.968779386074366,0,CROWN TRADING PTE. LTD.,0,0,0,0,0.0,0,0,0,0.0,0.0,0,active_nocollect_3
1117,868.739102990000,14.032871675263,1.084605835789,0.339286,1.0,1.000000,0.000000,0.000000,56.0,1.0,1.3564937983218104,0,MAJM TOH PTE. LTD.,0,0,0,0,0.0,0,0,0,0.0,0.0,0,active_nocollect_3
2478,1602.806697210714,35.790873045714,5.884669575714,7.000000,1.0,1.000000,0.000000,0.000000,26.0,25.0,0.8815346531273621,0,BUOYANCY MARINE PTE. LTD.,0,0,0,0,0.0,0,0,0,0.0,0.0,0,lapsed_2
4209,2565.362620854000,37.958618126000,8.088150224000,2.500000,1.0,1.000000,0.000000,0.000000,5.0,4.0,0.8815346531273621,0,SIMPLICITE PTE. LTD.,0,0,0,0,0.0,0,0,0,0.0,0.0,0,active_nocollect_1
1246,2281.962762388571,41.226720904286,3.643751665714,0.500000,3.0,0.142857,0.142857,0.714286,53.0,40.0,1.812555797955476,1,FOREST3 DESIGN PTE. LTD.,3126.862200000000,81.298417200000,14.368676300000,1.000000,1.0,1.000000,0.000000,0.000000,36.0,36.0,0,lapsed_2
3196,2651.757823440000,42.428542090000,5.390114840000,1.000000,1.0,1.000000,0.000000,0.000000,17.0,17.0,0.8815346531273621,0,SHAKE COFFEE,0,0,0,0,0.0,0,0,0,0.0,0.0,0,lapsed_1
2042,1786.778400000000,0E-12,-38.713532000000,1.000000,1.0,1.000000,0.000000,0.000000,33.0,33.0,0.8815346531273621,0,DIMENXION TRADING & DISTRIBUTION,0,0,0,0,0.0,0,0,0,0.0,0.0,0,lapsed_2
4400,2052.880329148000,53.375537754000,26.463677086000,1.000000,2.0,0.200000,0.800000,0.000000,4.0,0.0,0.6142174867527678,0,IAM HEALTH PTE. LTD.,0,0,0,0,0.0,0,0,0,0.0,0.0,0,active_nocollect_0
4100,4414.179952211333,108.752267316000,5.776753832667,1.875000,1.0,1.000000,0.000000,0.000000,7.0,0.0,0.9215955138489598,0,THE BRAKE SHOP PTE. LTD.,0,0,0,0,0.0,0,0,0,0.0,0.0,0,active_nocollect_3
2713,0,0,0,0,0.0,0,0,0,0.0,0.0,0.8815346531273621,1,BOUNGA INFORMATICS PTE. LTD.,2649.345672600000,0E-12,-17.934788190000,1.000000,1.0,1.000000,0.000000,0.000000,22.0,21.0,0,lapsed_1
2310,1593.210740000000,20.711739620000,-14.286782290000,1.000000,1.0,0.000000,1.000000,0.000000,30.0,30.0,0.8815346531273621,0,ENZO IMPEX PTE. LTD.,0,0,0,0,0.0,0,0,0,0.0,0.0,0,lapsed_2
4711,1039.525338390000,27.025023300000,1.526206550000,1.000000,1.0,0.000000,1.000000,0.000000,0.0,0.0,0.8815346531273621,0,JD SIP PTE. LTD.,0,0,0,0,0.0,0,0,0,0.0,0.0,0,active_nocollect_3
4576,3202.097978823333,52.397276580000,11.065617896667,1.500000,2.0,0.333333,0.666667,0.000000,2.0,1.0,0.8815346531273621,0,ANYEVERYTHING LLP,0,0,0,0,0.0,0,0,0,0.0,0.0,0,active_nocollect_3
4625,5274.718735000000,73.846062290000,6.350508230000,1.000000,1.0,0.000000,1.000000,0.000000,1.0,1.0,0.8815346531273621,0,MATERIOR SG PRIVATE LIMITED,0,0,0,0,0.0,0,0,0,0.0,0.0,0,active_nocollect_1
1343,2886.815966870000,50.521159260000,-10.608996750000,1.000000,1.0,1.000000,0.000000,0.000000,51.0,51.0,0.8815346531273621,0,BLUE STAG,0,0,0,0,0.0,0,0,0,0.0,0.0,0,lapsed_0
3125,4042.295778510000,104.630765140000,-0.253126940000,1.000000,1.0,1.000000,0.000000,0.000000,18.0,18.0,0.8815346531273621,0,EXCLUSIVE MOTORSPORT PTE. LTD.,0,0,0,0,0.0,0,0,0,0.0,0.0,0,lapsed_1
125,3227.305823674167,60.456184851944,10.916616295139,1.241379,1.0,1.000000,0.000000,0.000000,59.0,2.0,1.0102933005859531,1,THE WINE MONK PTE. LTD.,881.543202819231,8.248960280000,-8.502087220000,1.857143,1.0,1.000000,0.000000,0.000000,40.0,34.0,0,lapsed_1
3496,1541.840861000000,0E-12,-10.765339860000,1.000000,1.0,0.000000,1.000000,0.000000,13.0,13.0,0.8815346531273621,0,AMAZINGSEAL (S) PTE. LTD.,0,0,0,0,0.0,0,0,0,0.0,0.0,0,lapsed_1
2362,8007.147088027703,160.968411247838,27.242082669257,4.933333,5.0,0.405405,0.337838,0.000000,29.0,0.0,0.6680699348885739,0,NORSKER TRADING HOUSE PTE LTD,0,0,0,0,0.0,0,0,0,0.0,0.0,0,active_nocollect_0
4072,6643.370515897500,190.658561417500,27.896077770000,0.666667,2.0,0.000000,0.750000,0.000000,5.0,0.0,0.6266362195513653,0,KHS WELLFOOD,0,0,0,0,0.0,0,0,0,0.0,0.0,0,active_nocollect_0
1880,0,0,0,0,0.0,0,0,0,0.0,0.0,0.8815346531273621,1,BESTHETIC,1933.140367326667,50.263069046667,9.711885095000,0.222222,1.0,1.000000,0.000000,0.000000,33.0,7.0,0,active_collect_3
2720,14075.543391624000,260.672604448667,76.429197896333,2.500000,1.0,1.000000,0.000000,0.000000,13.0,2.0,0.7933818487938421,0,KIAN SENG YONG IMPORT & EXPORT PTE LTD,0,0,0,0,0.0,0,0,0,0.0,0.0,0,active_nocollect_1
2094,13084.343708535000,234.873881907500,92.886419615000,1.000000,1.0,1.000000,0.000000,0.000000,34.0,31.0,2.2031089639412085,0,ELITE STONES PTE LTD,0,0,0,0,0.0,0,0,0,0.0,0.0,0,lapsed_2
2425,165442.444444444444,2782.741915555556,310.631424840000,0.310345,1.0,0.000000,0.000000,1.000000,28.0,0.0,0.8984835709531518,0,STRATEGIC MARKETING (S) PTE. LTD.,0,0,0,0,0.0,0,0,0,0.0,0.0,0,active_nocollect_3
1720,0,0,0,0,0.0,0,0,0,0.0,0.0,0.8815346531273621,1,RACK KING,364.863170402899,3.806399057681,0.330273471159,1.682927,1.0,1.000000,0.000000,0.000000,40.0,0.0,0,active_collect_2
3942,7142.280080812381,145.859613161429,18.049297996190,2.333333,2.0,0.952381,0.000000,0.047619,8.0,0.0,0.6414518187338762,0,CHERYL W PTE. LTD.,0,0,0,0,0.0,0,0,0,0.0,0.0,0,active_nocollect_0
1608,60710.839466129032,860.075149017097,0.529068926774,1.722222,1.0,1.000000,0.000000,0.000000,17.0,0.0,0.8943397419768816,0,OLIVINE INTERNATIONAL PRIVATE LIMITED,0,0,0,0,0.0,0,0,0,0.0,0.0,0,active_nocollect_3
2183,40202.514000000000,830.041288022222,192.618020368889,1.000000,1.0,1.000000,0.000000,0.000000,32.0,24.0,1.0520062273757067,0,JUNTOSTARC PTE. LTD.,0,0,0,0,0.0,0,0,0,0.0,0.0,0,lapsed_1
2263,0,0,0,0,0.0,0,0,0,0.0,0.0,0.8815346531273621,1,LA FOOD CO PTE. LTD.,1078.681609881563,27.711932574219,6.702629207656,2.064516,1.0,1.000000,0.000000,0.000000,30.0,0.0,0,active_collect_2
2920,4992.060318666667,27.302966606667,-83.638600576667,1.000000,1.0,1.000000,0.000000,0.000000,19.0,17.0,2.2048913121535576,1,AGILITY TECHNOLOGY PTE. LTD.,1265.634700000000,0.843756466667,-24.215810593333,1.000000,1.0,1.000000,0.000000,0.000000,21.0,19.0,0,lapsed_1
1890,91119.497038133667,993.189707532000,262.863145134333,4.285714,2.0,0.833333,0.000000,0.166667,37.0,31.0,1.3229900908890757,0,CF EXPORTS PTE. LTD.,0,0,0,0,0.0,0,0,0,0.0,0.0,0,lapsed_2
2101,3499.107700000000,52.486615500000,22.535742570000,1.000000,1.0,1.000000,0.000000,0.000000,33.0,33.0,0.8815346531273621,0,SHOP PATROL PTE. LTD.,0,0,0,0,0.0,0,0,0,0.0,0.0,0,lapsed_2
3663,0,0,0,0,0.0,0,0,0,0.0,0.0,0.8815346531273621,1,GIFT MONSTER PTE. LTD.,133.896706350000,3.484217880000,0.402025140000,1.000000,1.0,1.000000,0.000000,0.000000,5.0,5.0,0,active_collect_3
1423,3760.240375070300,59.054068407400,13.160069610600,2.127660,2.0,0.650000,0.350000,0.000000,46.0,0.0,0.5747362437084786,0,ARCHE MARKETING PTE. LTD.,0,0,0,0,0.0,0,0,0,0.0,0.0,0,active_nocollect_0
4517,9790.056650000000,255.993230350000,39.199312377500,2.000000,1.0,0.000000,0.000000,1.000000,2.0,1.0,0.8815346531273621,0,SAFETYFIT PTE. LTD.,0,0,0,0,0.0,0,0,0,0.0,0.0,0,active_nocollect_1
3554,2445.363805808657,44.168317550746,11.662173719851,5.153846,3.0,0.895522,0.089552,0.000000,12.0,0.0,0.494009199045082,0,JEB INNOVATIONS & TECHNOLOGIES PTE. LTD.,0,0,0,0,0.0,0,0,0,0.0,0.0,0,active_nocollect_0
4297,10349.606159053333,188.676974539167,53.347743423333,2.400000,1.0,1.000000,0.000000,0.000000,4.0,0.0,0.36070161625051084,0,SUN SEAFOOD PTE. LTD.,0,0,0,0,0.0,0,0,0,0.0,0.0,0,active_nocollect_0
4196,16982.581719363333,501.149153376667,58.234086020000,1.000000,1.0,1.000000,0.000000,0.000000,6.0,4.0,0.8815346531273621,0,HE TONG GROUP PTE. LTD.,0,0,0,0,0.0,0,0,0,0.0,0.0,0,active_nocollect_1
2296,57842.614784416000,726.064103259000,162.194809260000,1.111111,1.0,1.000000,0.000000,0.000000,30.0,22.0,1.2420582765076256,0,DA HANG TRADING PTE. LTD.,0,0,0,0,0.0,0,0,0,0.0,0.0,0,lapsed_1
1615,0,0,0,0,0.0,0,0,0,0.0,0.0,0.8815346531273621,1,3S SUPPLIES PTE. LTD.,650.759583100000,18.929924493333,-0.565192750833,0.500000,1.0,1.000000,0.000000,0.000000,43.0,20.0,0,lapsed_1
495,210102.950066777059,1740.186839412353,139.648118292941,0.354167,3.0,0.588235,0.117647,0.294118,61.0,14.0,1.128534816245306,0,EMWAY SINGAPORE PTE. LTD.,0,0,0,0,0.0,0,0,0,0.0,0.0,0,lapsed_1
307,3802.608762287500,32.753881545000,-2.797424932500,0.571429,1.0,0.000000,1.000000,0.000000,59.0,53.0,0.8815346531273621,0,ANAMNESIS COLLECTIONS PTE. LTD.,0,0,0,0,0.0,0,0,0,0.0,0.0,0,lapsed_0
1219,1244.642380334375,38.137947395625,5.754915430000,0.313725,1.0,1.000000,0.000000,0.000000,54.0,4.0,1.2454257702050773,0,CONNECT168 PTE. LTD.,0,0,0,0,0.0,0,0,0,0.0,0.0,0,active_nocollect_1
2619,9204.616000000000,235.969806500000,74.992578430000,0.500000,1.0,1.000000,0.000000,0.000000,24.0,3.0,1.3780396925158227,0,KWIX SOLUTIONS PTE. LTD.,0,0,0,0,0.0,0,0,0,0.0,0.0,0,active_nocollect_1
1950,55570.810920790000,10.125077600000,-461.815212210000,1.000000,1.0,1.000000,0.000000,0.000000,35.0,35.0,0.8815346531273621,0,JASCORP ENTERPRISE PTE. LTD.,0,0,0,0,0.0,0,0,0,0.0,0.0,0,lapsed_2
498,4587.208594503333,115.219081584444,47.417459002222,0.163636,2.0,0.777778,0.000000,0.000000,55.0,1.0,1.5713912668776557,0,T AUTO PTE. LTD.,0,0,0,0,0.0,0,0,0,0.0,0.0,0,active_nocollect_3
854,4359.112062332500,82.822762522500,25.830115245000,4.000000,3.0,0.250000,0.500000,0.250000,61.0,61.0,0.8815346531273621,0,PROBIOSCIENCE TECHNOLOGIES PTE. LTD.,0,0,0,0,0.0,0,0,0,0.0,0.0,0,lapsed_0
597,4756.167009050769,125.609376149231,29.940564593077,0.464286,2.0,0.692308,0.000000,0.307692,60.0,33.0,1.4547469547161964,0,THE PIANIST STUDIO HOLDINGS PTE. LTD.,0,0,0,0,0.0,0,0,0,0.0,0.0,0,lapsed_2
4509,7303.084464500000,142.756149250000,35.676008720000,1.000000,1.0,1.000000,0.000000,0.000000,0.0,0.0,0.8815346531273621,0,ALT TAB SOLUTIONS PTE. LTD.,0,0,0,0,0.0,0,0,0,0.0,0.0,0,active_nocollect_3
2051,3898.914256820000,0E-12,-96.411584500000,1.000000,1.0,0.000000,0.000000,0.000000,34.0,34.0,0.8815346531273621,0,ESPOIR PTE. LTD.,0,0,0,0,0.0,0,0,0,0.0,0.0,0,lapsed_2
4111,5397.559750000000,96.347770985714,25.900841890000,1.000000,1.0,0.000000,1.000000,0.000000,6.0,0.0,0.0,0,OMEGA MINIMART PTE. LTD.,0,0,0,0,0.0,0,0,0,0.0,0.0,0,active_nocollect_0
3348,4306.905432508029,72.857845586715,10.963852679197,8.562500,2.0,0.956204,0.000000,0.000000,15.0,0.0,0.3838105828836694,0,ERMEI,0,0,0,0,0.0,0,0,0,0.0,0.0,0,active_nocollect_0
2071,45440.227152941176,907.353223544706,7.523738458824,1.214286,1.0,1.000000,0.000000,0.000000,34.0,21.0,0.549657230679942,0,WINCOMP TECHNOLOGY PTE. LTD.,0,0,0,0,0.0,0,0,0,0.0,0.0,0,lapsed_1
3929,15154.634786930222,241.787514857778,30.263228265111,5.000000,1.0,1.000000,0.000000,0.000000,8.0,0.0,0.37823911222074824,0,AWFULLY CHOCOLATE PTE LTD,0,0,0,0,0.0,0,0,0,0.0,0.0,0,active_nocollect_0
2118,1680.447045610385,45.836020128462,18.304170263077,8.666667,4.0,0.769231,0.115385,0.076923,33.0,31.0,2.046555166775221,0,SCENE SHANG PTE. LTD.,0,0,0,0,0.0,0,0,0,0.0,0.0,0,lapsed_2
2634,2550.630768308000,66.946796512000,6.595107364000,2.200000,2.0,0.945455,0.054545,0.000000,24.0,0.0,0.6510483053090268,0,BOXGREEN PTE. LTD.,0,0,0,0,0.0,0,0,0,0.0,0.0,0,active_nocollect_0
3105,26340.137738442000,703.826901580000,49.181075460000,0.833333,1.0,1.000000,0.000000,0.000000,18.0,13.0,1.637871262836215,0,BTL FOOD TRADING PTE. LTD.,0,0,0,0,0.0,0,0,0,0.0,0.0,0,lapsed_1
2997,0,0,0,0,0.0,0,0,0,0.0,0.0,0.8815346531273621,1,NANYANGGIFTS PTE. LTD.,1930.225224186286,53.326826771429,4.174041969429,1.944444,1.0,1.000000,0.000000,0.000000,19.0,2.0,0,active_collect_0
909,11822.785096760000,323.559511055000,21.005813565000,0.500000,1.0,1.000000,0.000000,0.000000,61.0,58.0,0.8815346531273621,0,THE MEAT CLUB PTE. LTD.,0,0,0,0,0.0,0,0,0,0.0,0.0,0,lapsed_0
1349,1463.077435655000,49.326251205000,7.176893240000,0.222222,1.0,1.000000,0.000000,0.000000,47.0,39.0,0.8815346531273621,0,R&T SINGAPORE HOLDING PTE. LTD.,0,0,0,0,0.0,0,0,0,0.0,0.0,0,lapsed_2
2033,15804.494197690000,487.224690040000,111.971446400000,1.000000,1.0,1.000000,0.000000,0.000000,35.0,34.0,0.8815346531273621,0,CHATEAU ITALIA PTE LTD,0,0,0,0,0.0,0,0,0,0.0,0.0,0,lapsed_2
884,881.589017650000,8.982283915000,1.302859250000,2.000000,2.0,0.500000,0.500000,0.000000,50.0,50.0,0.8815346531273621,0,YAU HOE GARMENT CO. PTE LTD,0,0,0,0,0.0,0,0,0,0.0,0.0,0,lapsed_0
3886,7275.917016834783,129.245903442174,34.604589063478,2.555556,2.0,0.956522,0.000000,0.043478,9.0,1.0,0.2822598620152958,0,LIAN AIK TRADING (S) PTE LTD,0,0,0,0,0.0,0,0,0,0.0,0.0,0,active_nocollect_0
629,2601.873653246810,35.807770790948,16.133761772586,1.870968,2.0,0.008621,0.991379,0.000000,61.0,0.0,0.08116184233338619,1,TECHVENTIS PTE. LTD.,828.358841763750,17.073970471250,-0.041877618750,0.205128,1.0,1.000000,0.000000,0.000000,39.0,1.0,0,active_collect_1
3995,99102.763798700000,1678.225520910000,182.363070450000,1.222222,3.0,0.454545,0.090909,0.000000,8.0,0.0,0.9148519548458652,0,JPSQUARE ENTERPRISE PTE LTD,0,0,0,0,0.0,0,0,0,0.0,0.0,0,active_nocollect_3
4078,452.886283483333,5.233771730000,1.990272606667,3.000000,1.0,0.000000,0.000000,0.000000,7.0,7.0,0.8815346531273621,0,THE PAPER STONE CO PTE. LTD.,0,0,0,0,0.0,0,0,0,0.0,0.0,0,active_nocollect_2
724,162.393340193333,4.222256624667,0.538515156667,1.000000,1.0,1.000000,0.000000,0.000000,61.0,47.0,0.8938421362614656,0,AUTORQ PRIVATE LIMITED,0,0,0,0,0.0,0,0,0,0.0,0.0,0,lapsed_0
3630,30769.026923862051,184.056882922564,38.821005957179,9.000000,4.0,0.760684,0.000000,0.153846,12.0,0.0,0.7853512036857891,0,MAC FRIENDS PTE. LTD.,0,0,0,0,0.0,0,0,0,0.0,0.0,0,active_nocollect_0
4649,3836.838597240000,53.715025650000,4.586064560000,1.000000,1.0,1.000000,0.000000,0.000000,1.0,1.0,0.8815346531273621,0,LOVE NATURE PTE. LTD.,0,0,0,0,0.0,0,0,0,0.0,0.0,0,active_nocollect_1
3138,4582.747852595000,98.773275394444,19.659112067222,1.000000,3.0,0.500000,0.000000,0.000000,18.0,1.0,1.0176723768782192,0,ACROSS TECHNOLOGIES PTE. LTD.,0,0,0,0,0.0,0,0,0,0.0,0.0,0,active_nocollect_3
3887,3651.728355000000,62.807742396667,37.381720322222,1.000000,1.0,0.000000,1.000000,0.000000,9.0,1.0,0.0,0,LIFE IS GOOD PTE. LTD.,0,0,0,0,0.0,0,0,0,0.0,0.0,0,active_nocollect_0
3857,2001.191808000000,35.043935861000,8.913790743000,1.111111,1.0,0.000000,1.000000,0.000000,9.0,1.0,0.3703280399090206,0,COMMERCIFY PTE. LTD.,0,0,0,0,0.0,0,0,0,0.0,0.0,0,active_nocollect_0
414,49895.354022565333,987.518671421333,176.533209592667,2.500000,4.0,0.333333,0.000000,0.000000,28.0,17.0,2.333431415361407,0,FANTEC ENTERPRISE,0,0,0,0,0.0,0,0,0,0.0,0.0,0,lapsed_1
1476,11811.130090155000,153.242304985000,47.461301250000,0.333333,1.0,1.000000,0.000000,0.000000,13.0,8.0,0.8815346531273621,0,ASPIRE BUILDING PRODUCT PTE. LTD.,0,0,0,0,0.0,0,0,0,0.0,0.0,0,active_nocollect_2
359,0,0,0,0,0.0,0,0,0,0.0,0.0,0.8815346531273621,1,RACKS.SG,365.210443478841,3.008893926524,-0.579201217039,5.547619,1.0,1.000000,0.000000,0.000000,41.0,0.0,0,active_collect_2
2674,12363.754592090000,218.136501135143,67.313898256000,1.458333,3.0,0.000000,0.371429,0.600000,24.0,1.0,0.16815935998568998,0,KIMWIN AUTOPARTS TRADING PTE. LTD.,0,0,0,0,0.0,0,0,0,0.0,0.0,0,active_nocollect_0
2302,12299.225834665000,172.341290976250,37.181276460625,0.615385,2.0,0.812500,0.187500,0.000000,25.0,0.0,1.1769768542151895,0,DF TECHNOLOGY PTE. LTD.,0,0,0,0,0.0,0,0,0,0.0,0.0,0,active_nocollect_3
3255,2903.514900000000,25.986458355000,5.501788490000,1.000000,1.0,0.000000,1.000000,0.000000,16.0,15.0,0.8815346531273621,0,JPL SPORTS,0,0,0,0,0.0,0,0,0,0.0,0.0,0,lapsed_1
2063,542.484534515000,15.144187758333,2.041146158333,6.000000,1.0,1.000000,0.000000,0.000000,34.0,34.0,0.8815346531273621,0,SP MARKETS PTE. LTD.,0,0,0,0,0.0,0,0,0,0.0,0.0,0,lapsed_2
1145,0,0,0,0,0.0,0,0,0,0.0,0.0,0.8815346531273621,1,SANIQUO PTE. LTD.,855.936372296026,22.091020131589,5.305755628013,10.066667,1.0,1.000000,0.000000,0.000000,55.0,41.0,0,lapsed_1
1737,0,0,0,0,0.0,0,0,0,0.0,0.0,0.8815346531273621,1,CYCLOGIC PTE. LTD.,1020.410818307692,7.581209121538,-12.604232630000,2.600000,1.0,1.000000,0.000000,0.000000,41.0,37.0,0,lapsed_1
3171,2878.829880989485,40.503226962680,11.006570294330,5.388889,1.0,1.000000,0.000000,0.000000,17.0,0.0,0.3932316609167867,0,A&K MARINE SUPPLIES PTE. LTD.,0,0,0,0,0.0,0,0,0,0.0,0.0,0,active_nocollect_0
2065,7136.478014285714,193.131600985714,75.429701002857,0.500000,1.0,1.000000,0.000000,0.000000,34.0,21.0,1.6310794112333207,0,BIGBASKET SINGAPORE PTE. LTD.,0,0,0,0,0.0,0,0,0,0.0,0.0,0,lapsed_1
3969,9477.370430000000,162.240967702000,38.719487928000,0.625000,1.0,1.000000,0.000000,0.000000,8.0,1.0,0.18279267827924622,0,XUELLY ASIA PACIFIC PTE. LTD.,0,0,0,0,0.0,0,0,0,0.0,0.0,0,active_nocollect_0
1498,2071.173962000000,0E-12,-39.539917010000,1.000000,1.0,1.000000,0.000000,0.000000,46.0,46.0,0.8815346531273621,0,MUMMY SAFE SAVER,0,0,0,0,0.0,0,0,0,0.0,0.0,0,lapsed_0
3784,7825.940493800000,138.079256788000,31.155459368000,0.454545,1.0,0.000000,0.000000,1.000000,10.0,0.0,0.06666898269828764,0,KYNDLE PTE. LTD.,0,0,0,0,0.0,0,0,0,0.0,0.0,0,active_nocollect_0
4229,9785.820496210000,105.531599250000,-140.440782240000,1.000000,1.0,1.000000,0.000000,0.000000,6.0,6.0,0.8815346531273621,0,APA FIBRE CONNECT PTE. LTD.,0,0,0,0,0.0,0,0,0,0.0,0.0,0,active_nocollect_2
1088,3838.044672660000,36.859749410000,-46.746589890000,1.000000,1.0,0.000000,1.000000,0.000000,56.0,56.0,0.8815346531273621,0,WEE LI RESOURCES,0,0,0,0,0.0,0,0,0,0.0,0.0,0,lapsed_0
4124,57844.919728552000,1177.948550020000,-93.957742164000,1.666667,2.0,0.800000,0.000000,0.200000,7.0,5.0,0.28721645570879184,0,SIMPLY CONNECT PTE. LTD.,0,0,0,0,0.0,0,0,0,0.0,0.0,0,active_nocollect_1
2012,10000.995766666667,184.708217100000,64.363728586667,0.333333,1.0,1.000000,0.000000,0.000000,35.0,27.0,1.8161978070774543,0,MOBILER COMMUNICATION PTE. LTD.,0,0,0,0,0.0,0,0,0,0.0,0.0,0,lapsed_2
623,1964.506269484000,8.606315960000,-28.027108186000,0.138889,1.0,1.000000,0.000000,0.000000,38.0,3.0,2.1977843456332393,0,K3HREE PRIVATE LIMITED,0,0,0,0,0.0,0,0,0,0.0,0.0,0,active_nocollect_3
4003,46995.058975236429,830.078217139286,-164.447958093571,1.555556,3.0,0.142857,0.000000,0.785714,8.0,0.0,0.5787118404552861,0,WH GLOBAL PTE. LTD.,0,0,0,0,0.0,0,0,0,0.0,0.0,0,active_nocollect_0
1891,42622.109750000000,860.817718750000,353.203281447500,0.363636,1.0,0.000000,0.000000,1.000000,37.0,27.0,1.4774992148754766,0,WING WAI GLOBAL PTE. LTD.,0,0,0,0,0.0,0,0,0,0.0,0.0,0,lapsed_2
2364,8201.051818843125,146.543281905625,38.402707007500,0.533333,2.0,0.812500,0.000000,0.000000,29.0,0.0,1.4809540885505068,0,DYNAMIC ALLIANCE GROUP PTE. LTD.,0,0,0,0,0.0,0,0,0,0.0,0.0,0,active_nocollect_3
4405,740.408211356000,18.250452374000,1.587254812000,1.000000,2.0,0.000000,0.800000,0.000000,4.0,0.0,1.3047814458799738,0,FEI YING CONSTRUCTION SINGAPORE PTE. LTD.,0,0,0,0,0.0,0,0,0,0.0,0.0,0,active_nocollect_3
1915,71829.027713520000,2405.696103030000,592.480827620000,1.000000,1.0,1.000000,0.000000,0.000000,35.0,35.0,0.8815346531273621,0,VK GLOBAL PTE. LTD.,0,0,0,0,0.0,0,0,0,0.0,0.0,0,lapsed_2
3858,1406.532621937612,24.620984078358,6.176941820746,22.333333,3.0,0.905473,0.079602,0.014925,9.0,1.0,0.36462573962255407,1,SLEEP STUDIO PTE. LTD.,1447.309116275000,14.472905040000,-14.264447560000,1.000000,1.0,1.000000,0.000000,0.000000,9.0,8.0,0,active_collect_3
1535,2253.931498142923,37.887662406846,6.703167889846,2.888889,8.0,0.146154,0.323077,0.415385,44.0,0.0,0.2777714179130631,1,UDO PRINT PTE. LTD.,687.794287895000,7.694314485000,-4.992184400500,0.540541,1.0,1.000000,0.000000,0.000000,44.0,8.0,0,active_collect_3
2235,3040.574332152951,46.542839306393,3.812323560984,107.766667,2.0,0.990411,0.000000,0.009589,31.0,2.0,0.40232588085997345,0,FAR OCEAN (2015) PTE. LTD.,0,0,0,0,0.0,0,0,0,0.0,0.0,0,active_nocollect_0
2830,24993.305659306286,463.583059267429,61.873796163143,1.590909,1.0,1.000000,0.000000,0.000000,21.0,0.0,0.4886578128375256,0,SOTERIA TECHNOLOGY (PTE.) LTD.,0,0,0,0,0.0,0,0,0,0.0,0.0,0,active_nocollect_0
84,7978.015602339444,137.232439636111,19.038702900556,2.250000,2.0,0.861111,0.138889,0.000000,61.0,46.0,0.5270466417733617,0,PAULA'S CHOICE SINGAPORE PTE. LTD.,0,0,0,0,0.0,0,0,0,0.0,0.0,0,lapsed_0
3333,2363.541781791667,47.514656438333,-6.841872290000,0.428571,2.0,0.333333,0.000000,0.000000,15.0,2.0,0.8815346531273621,0,OSTER ENGINEERING PTE. LTD.,0,0,0,0,0.0,0,0,0,0.0,0.0,0,active_nocollect_1
2347,99944.817746172903,1582.588534538710,154.985974954516,1.068966,1.0,1.000000,0.000000,0.000000,29.0,1.0,0.28093149745772733,0,LI AN FOODSTUFF PTE LTD,0,0,0,0,0.0,0,0,0,0.0,0.0,0,active_nocollect_0
1471,7138.959522721915,91.498577509362,25.017590439787,1.044444,1.0,0.000000,0.000000,1.000000,45.0,1.0,0.2708473944442412,0,ORIENT TECHTEX SOLUTIONS PTE. LTD.,0,0,0,0,0.0,0,0,0,0.0,0.0,0,active_nocollect_0
3689,744.491000000000,10.422874000000,0.558368250000,1.000000,1.0,1.000000,0.000000,0.000000,11.0,11.0,0.8815346531273621,0,HAUTE CAKES LLP,0,0,0,0,0.0,0,0,0,0.0,0.0,0,active_nocollect_2
4307,7005.024108600000,119.373040560000,16.236671900000,3.666667,2.0,0.727273,0.000000,0.272727,5.0,3.0,0.20363344841925649,0,THE CELLAR DOOR PTE LTD,0,0,0,0,0.0,0,0,0,0.0,0.0,0,active_nocollect_0
4226,8948.439354140000,150.806578596667,-75.866941748889,1.800000,1.0,0.000000,1.000000,0.000000,6.0,2.0,0.1308286255594538,0,AIR DIVISION PTE LTD,0,0,0,0,0.0,0,0,0,0.0,0.0,0,active_nocollect_0
3699,7432.590112171250,186.953534275000,43.712366058750,8.000000,2.0,0.750000,0.250000,0.000000,10.0,0.0,0.511641166894654,0,MFC ALLIANCE PTE. LTD.,0,0,0,0,0.0,0,0,0,0.0,0.0,0,active_nocollect_0
4154,3495.506393990000,108.516331350000,23.287678480000,1.571429,1.0,1.000000,0.000000,0.000000,6.0,0.0,0.6855541948117826,0,A.G.T SPORTS & LEISURE PTE. LTD.,0,0,0,0,0.0,0,0,0,0.0,0.0,0,active_nocollect_0
2239,0,0,0,0,0.0,0,0,0,0.0,0.0,0.8815346531273621,1,ALENTASIA (PTE. LTD.),11.167365000000,0E-12,-0.469029330000,1.000000,1.0,1.000000,0.000000,0.000000,30.0,30.0,0,lapsed_1
2971,6046.507738333333,164.505212996667,25.635306766667,1.500000,1.0,1.000000,0.000000,0.000000,20.0,19.0,0.8815346531273621,0,SRI KALIGAMBAL ENTERPRISES PTE. LTD.,0,0,0,0,0.0,0,0,0,0.0,0.0,0,lapsed_1
2538,14519.461446280000,272.482521582500,59.631021860000,1.760000,3.0,0.340909,0.000000,0.613636,25.0,1.0,0.3175541472915548,0,UNISOLN PTE. LTD.,0,0,0,0,0.0,0,0,0,0.0,0.0,0,active_nocollect_0
2616,3707.565180000000,11.122695540000,-74.017295220000,1.000000,1.0,1.000000,0.000000,0.000000,24.0,24.0,0.8815346531273621,0,GOSNACK PTE. LTD.,0,0,0,0,0.0,0,0,0,0.0,0.0,0,lapsed_1
